This csv file contains the original 30 runs of this experiment, and an additional 45 runs to investigate the effect of the amount of runs on the (width of the) confidence interval 

exp 1,run 1
1000,995,994,991,991,988,986,982,981,979,977,977,975,972,972,971,967,965,962,960,958,958,956,949,947,945,945,944,937,936,934,933,932,931,929,926,921,919,916,914,908,905,902,896,891,887,883,881,877,876,875,873,869,863,860,859,859,853,852,844,836,831,829,825,822,820,818,814,813,806,799,798,793,790,785,783,777,773,768,761,756,751,748,742,737,731,723,718,715,709,699,694,687,684,679,677,672,662,659,658,657,646,641,638,632,626,619,614,606,603,599,594,591,582,578,575,574,566,562,557,555,553,546,539,537,532,523,518,509,507,504,500
25,34,36,42,42,45,49,54,55,58,61,60,64,69,69,70,74,77,80,82,85,85,88,98,99,101,101,100,110,112,114,114,116,117,120,125,131,133,135,137,147,152,158,165,171,177,182,185,189,190,192,193,199,208,211,211,211,220,221,233,245,250,252,258,263,265,268,271,273,281,290,291,300,305,312,315,322,325,334,345,352,361,365,373,380,389,399,405,408,417,428,435,445,448,455,457,462,476,478,478,480,496,502,508,514,521,531,538,551,554,558,566,571,581,586,589,591,602,607,613,616,618,630,640,642,649,660,667,681,682,686,691
exp 1,run 2
1000,996,990,990,989,987,987,985,983,980,978,978,977,974,971,971,968,966,965,963,962,962,958,955,954,951,951,949,949,941,938,935,934,930,927,926,924,922,919,916,915,913,911,904,902,899,897,891,888,886,878,874,872,871,868,863,856,850,845,844,840,833,827,824,818,816,809,802,801,797,790,786,783,781,776,773,769,764,756,752,741,737,731,731,720,713,703,699,693,689,685,683,676,673,666,664,660,657,651,648,643,638,634,634,631,627,621,612,604,601,598,591,586,577,576,570,566,562,559,553,550,537,536,534,529,523,512,500
25,30,39,39,41,44,44,48,51,55,58,58,60,63,68,68,73,76,77,81,82,82,88,91,93,98,98,100,100,111,116,119,121,129,133,134,136,138,143,147,148,151,152,161,165,170,172,180,184,187,200,207,211,212,217,224,234,242,250,251,258,270,278,282,290,292,302,310,311,316,325,330,334,336,343,346,350,356,367,372,389,395,404,404,420,429,442,446,455,462,466,468,478,480,487,489,494,499,505,509,516,521,527,526,530,536,544,557,571,573,578,589,596,608,609,616,622,628,629,639,643,662,662,664,671,678,697,712
exp 1,run 3
1000,997,994,992,992,992,991,990,989,989,986,985,985,985,984,982,981,980,980,978,977,977,974,973,972,969,967,966,963,958,956,955,954,954,954,950,946,943,941,941,939,934,934,931,929,928,926,925,920,916,912,910,906,906,901,899,899,898,895,894,891,889,885,881,880,879,876,874,871,866,863,853,850,847,846,839,832,830,824,818,812,810,808,805,802,799,797,793,790,787,780,773,770,768,763,760,758,750,744,740,737,734,732,731,728,727,724,722,715,708,706,702,695,692,689,678,673,662,656,649,644,639,630,622,614,609,603,596,590,587,582,575,572,567,563,555,547,538,532,526,518,513,510,504,503,501,494
25,29,33,35,35,35,36,37,38,38,42,43,43,43,44,46,48,49,49,52,54,54,58,59,61,66,69,71,75,82,84,85,87,87,87,93,96,100,102,102,105,110,110,113,115,116,120,121,127,132,136,139,143,143,149,152,152,154,159,160,164,166,172,177,178,180,183,186,191,198,202,215,219,225,225,236,245,247,257,265,273,275,279,282,285,288,291,296,300,305,315,323,327,329,336,339,341,350,360,364,368,372,376,378,383,384,387,389,398,406,409,415,426,430,436,450,456,472,479,486,492,498,508,519,530,537,546,556,564,568,575,585,589,597,602,615,625,637,642,650,662,670,674,683,684,685,696
exp 1,run 4
1000,997,996,995,993,992,991,990,990,990,988,987,985,985,982,981,980,979,979,979,978,978,976,975,970,968,964,963,962,959,956,953,952,948,944,944,942,942,939,935,933,930,930,928,924,923,921,920,917,913,909,908,906,902,899,894,889,888,882,878,872,871,868,864,859,853,844,842,837,830,826,826,826,825,821,817,812,807,805,801,793,787,783,779,773,764,758,753,748,745,743,739,734,727,723,720,717,715,708,705,697,693,690,682,679,676,667,660,658,654,651,645,638,631,625,621,614,611,605,598,598,593,586,582,579,577,574,568,564,562,559,556,552,550,546,542,540,534,531,529,527,525,524,518,510,508,504,497
25,30,31,32,35,36,38,39,39,39,41,42,44,44,48,50,52,53,53,53,54,54,56,58,65,67,75,77,78,83,87,92,93,100,105,105,109,109,112,116,118,123,123,125,131,131,133,134,139,144,150,151,154,161,165,173,180,181,189,194,204,206,212,217,221,229,242,245,253,260,265,265,265,265,270,276,285,292,295,300,310,317,322,327,336,348,356,364,371,374,376,382,387,399,403,407,410,410,419,423,435,437,440,450,454,458,469,476,479,483,485,491,499,507,514,519,529,534,541,550,549,555,566,572,573,577,580,588,592,593,598,601,607,609,612,617,620,628,633,636,639,642,642,652,664,666,670,677
exp 1,run 5
1000,995,993,991,986,985,982,982,981,978,977,975,972,968,966,964,960,957,955,953,952,949,948,946,945,944,942,936,934,931,931,927,921,919,917,916,914,908,905,904,903,900,897,894,893,888,885,880,878,876,874,870,868,863,859,855,853,850,847,844,841,838,832,828,822,818,815,810,800,794,791,784,774,768,763,760,756,751,746,744,741,738,736,731,729,727,726,723,722,713,702,696,695,688,686,681,675,670,662,654,646,640,635,629,625,620,615,613,610,602,596,590,583,575,572,569,562,554,550,536,532,527,524,516,509,501,496
25,33,37,40,49,51,55,55,56,60,61,65,68,74,77,80,85,88,91,95,97,103,104,107,108,109,113,123,126,130,130,137,144,146,149,150,153,160,163,165,166,171,175,178,180,187,190,198,202,204,205,210,213,219,225,230,233,237,242,247,252,254,261,268,274,279,284,292,303,312,316,326,341,350,357,360,365,370,376,379,383,388,392,396,398,401,400,403,403,419,434,442,441,452,454,459,469,476,487,497,505,514,519,527,533,539,546,549,553,563,571,578,587,597,600,603,610,621,628,649,654,661,667,678,686,695,700
exp 1,run 6
1000,996,996,995,994,993,992,992,992,991,990,987,987,986,983,981,981,979,979,979,979,979,977,977,977,975,974,974,971,968,963,961,960,958,957,956,954,953,951,949,948,946,944,942,937,931,928,926,924,923,921,916,913,909,902,896,894,892,883,880,877,872,870,864,857,850,844,837,837,834,832,830,829,825,823,817,816,815,812,810,808,807,804,800,797,794,792,790,785,780,774,769,761,757,753,746,744,738,734,729,720,717,711,710,706,697,692,689,683,680,677,674,668,664,662,658,656,653,648,646,639,631,629,622,619,617,610,607,603,601,593,588,587,585,580,577,570,563,552,548,547,540,537,535,526,510,506,504,498
25,30,30,32,34,36,38,38,38,39,40,43,43,45,48,51,51,54,54,54,54,54,57,57,57,60,61,61,64,70,78,80,81,83,85,86,88,89,92,94,96,99,101,103,111,121,126,128,132,133,135,144,148,155,165,172,175,177,188,192,196,205,207,215,226,237,244,256,256,260,264,266,267,273,276,284,285,286,290,293,295,296,300,306,308,310,314,316,322,327,335,343,353,359,366,377,378,387,394,402,414,417,423,424,429,444,451,454,463,468,472,476,483,491,494,500,503,507,514,517,527,536,535,544,548,550,558,563,567,569,578,583,583,587,592,596,604,611,628,632,633,646,650,652,664,688,693,695,703
exp 1,run 7
1000,996,990,990,988,985,984,983,981,981,979,979,976,976,972,970,966,962,961,959,957,957,952,950,946,943,938,936,932,932,928,926,925,922,920,918,913,910,909,903,903,902,899,896,893,892,887,884,882,877,873,868,864,861,857,850,848,841,838,836,833,831,825,820,819,816,816,815,811,808,805,803,800,799,798,795,793,791,788,787,786,780,774,771,766,764,761,758,757,754,753,751,746,742,741,737,734,733,727,722,716,711,711,707,705,701,700,695,694,690,690,685,684,682,681,678,674,672,668,663,661,660,658,652,651,649,645,641,640,635,634,628,624,620,615,607,603,601,598,596,593,588,582,577,574,569,565,559,556,554,550,547,543,540,536,535,535,530,525,524,522,519,519,515,512,509,504,500
25,30,38,38,41,44,45,47,51,51,54,54,57,57,61,65,72,79,81,83,85,85,93,95,101,107,112,114,119,119,124,126,127,130,133,136,142,145,146,155,155,157,160,164,167,168,175,178,182,188,194,201,207,212,218,227,230,238,242,246,251,255,264,270,271,275,275,276,280,284,289,292,295,296,296,300,303,306,311,312,313,322,330,334,341,343,346,349,349,352,353,355,361,367,367,371,374,374,383,388,396,403,403,409,412,417,416,422,423,430,430,437,439,442,444,448,453,455,458,466,467,468,470,477,478,480,485,492,492,499,500,508,512,517,523,534,539,541,544,546,549,554,561,567,570,578,584,591,594,594,598,602,606,609,614,616,616,621,630,631,634,639,637,640,643,646,651,654
exp 1,run 8
1000,991,987,983,983,982,981,978,976,975,975,974,974,974,972,967,966,966,964,960,958,957,953,952,951,949,943,941,940,932,929,926,925,921,919,917,916,913,909,905,902,896,893,892,891,886,885,882,880,877,875,871,871,870,867,864,863,860,858,850,844,840,836,834,833,830,828,825,820,817,815,814,809,806,803,802,802,802,799,797,796,791,788,786,780,779,777,772,770,766,763,757,755,747,743,740,736,729,728,718,714,712,709,707,705,701,701,699,691,690,686,683,677,672,671,663,662,659,653,645,641,633,629,623,619,611,606,600,597,590,584,575,569,564,560,551,547,545,536,529,525,521,518,512,508,504,498
25,38,43,50,50,51,52,56,58,60,60,61,61,61,63,69,71,71,73,78,80,82,89,90,91,93,100,103,104,116,119,121,122,127,131,134,135,138,143,149,154,161,166,167,169,178,179,184,187,190,193,198,198,199,202,207,208,212,214,223,233,240,246,249,249,251,253,257,263,267,268,269,276,279,282,282,282,282,286,289,290,297,302,305,313,314,317,322,324,328,332,340,344,354,361,364,370,379,380,396,403,405,410,411,414,419,419,421,434,435,439,443,451,458,459,472,472,477,486,497,502,509,514,522,527,537,537,548,552,561,567,579,588,596,600,612,618,621,631,642,646,652,655,665,669,676,687
exp 1,run 9
1000,998,996,995,995,995,993,993,993,992,991,989,987,985,985,984,983,983,983,983,982,982,980,979,975,974,972,972,970,968,968,968,966,963,963,962,959,957,957,956,956,955,953,952,950,948,946,946,944,941,939,936,935,933,929,926,923,923,923,921,920,917,915,913,912,911,910,906,901,900,899,894,894,894,892,891,890,889,887,884,880,880,874,870,866,862,860,857,854,849,847,846,844,842,840,836,832,828,825,821,820,812,810,808,803,794,790,790,787,785,782,777,770,762,759,754,749,748,745,740,736,731,727,723,720,716,707,703,701,698,693,688,682,680,675,669,664,653,647,643,640,640,633,627,618,609,608,600,592,590,587,585,579,572,564,563,561,554,550,545,539,534,527,520,512,505,498
25,27,30,31,31,31,35,35,35,37,37,41,43,47,47,48,49,49,49,49,50,50,52,53,58,59,62,62,64,66,66,66,69,74,74,75,79,81,81,82,82,83,86,87,89,92,96,95,98,104,106,111,113,116,123,126,129,128,128,131,132,135,137,140,142,143,145,150,158,159,160,165,164,164,167,168,170,171,174,178,186,186,196,201,206,212,215,219,222,230,232,233,235,235,237,242,248,253,256,263,264,273,276,279,285,297,302,302,307,309,313,321,332,343,348,353,359,361,365,370,376,383,389,393,395,401,414,420,422,426,434,440,449,452,459,467,474,489,499,504,508,507,516,524,538,552,552,562,573,575,579,581,589,600,612,613,614,624,631,638,646,652,661,671,679,689,699
exp 1,run 10
1000,996,994,993,990,989,989,985,982,980,974,971,969,969,969,969,963,962,960,959,959,956,954,948,947,943,942,939,938,936,931,927,926,924,923,922,919,916,915,911,909,908,906,903,901,900,895,894,889,888,882,880,875,870,870,867,864,860,853,846,843,835,824,822,820,818,812,805,801,797,790,774,770,765,758,754,751,741,737,732,730,728,722,717,707,700,694,686,678,676,668,666,659,654,648,648,645,645,640,633,626,622,613,607,603,596,590,587,585,583,582,579,575,569,563,559,556,550,546,541,536,530,527,521,519,514,510,504,502,495
25,30,32,33,37,38,38,44,48,52,60,64,67,67,67,67,76,78,82,83,83,87,91,100,102,106,108,113,114,116,124,131,132,135,136,138,142,145,146,152,154,155,159,163,165,165,171,173,182,183,192,194,200,205,205,208,213,219,228,236,241,253,267,271,274,277,283,293,298,303,313,337,342,348,356,360,364,378,383,389,391,392,399,405,416,427,435,447,460,463,474,477,487,491,500,500,503,502,509,516,527,532,544,553,558,571,576,580,583,586,588,594,600,607,615,620,623,630,636,644,650,657,662,671,675,683,688,698,701,709
exp 1,run 11
1000,994,991,991,991,990,989,984,984,983,982,981,979,977,973,972,969,966,965,963,961,958,954,948,945,944,942,941,937,934,932,930,926,924,920,917,913,908,905,900,897,895,893,889,886,882,880,878,876,876,875,872,869,866,865,865,862,854,853,850,847,839,837,832,830,819,817,813,810,806,801,796,795,792,786,783,780,774,766,766,761,754,750,746,737,732,725,722,712,705,695,687,681,675,669,668,661,656,650,641,629,623,620,616,612,611,605,600,593,587,582,575,568,565,560,553,543,538,534,527,520,510,504,502,495
25,34,38,38,38,40,42,49,49,51,53,54,57,60,65,67,72,75,76,79,82,86,91,100,104,105,108,110,116,119,121,124,129,132,139,141,147,155,159,165,169,172,175,179,183,188,190,190,192,192,194,198,201,205,206,206,210,221,222,225,227,238,241,247,249,267,271,278,283,289,297,303,305,308,315,318,323,334,341,341,348,357,362,367,381,387,398,402,415,426,441,453,462,469,477,479,490,498,506,518,532,540,543,549,553,553,560,566,574,581,587,597,605,610,615,623,633,640,643,649,658,672,679,681,690
exp 1,run 12
1000,995,992,989,986,983,983,983,981,981,979,979,978,976,974,974,973,971,971,970,967,966,965,964,964,961,961,959,956,951,950,948,944,941,936,935,931,925,921,919,915,913,912,910,910,908,906,903,901,901,898,898,894,893,887,884,881,880,880,878,874,871,867,866,866,866,865,863,862,861,858,858,855,848,844,839,831,828,821,820,818,815,814,812,809,808,806,804,799,794,792,790,788,785,782,781,774,772,762,757,753,749,745,744,738,735,733,732,727,722,715,709,704,694,690,685,682,675,672,671,668,666,661,655,650,644,639,635,628,624,617,614,608,600,594,588,584,579,574,568,563,561,557,551,543,536,531,526,522,520,519,513,508,501,498
25,31,35,40,43,47,47,47,51,51,53,53,54,57,61,61,62,65,65,66,70,72,73,74,74,79,79,82,85,94,96,99,104,108,115,116,123,131,135,138,144,146,147,150,149,152,154,159,162,162,166,166,170,171,179,184,187,189,189,193,199,203,209,209,209,209,210,211,212,212,216,216,219,229,234,241,251,256,266,268,270,274,276,279,283,285,287,290,298,303,306,309,311,316,320,321,332,335,347,354,359,362,367,369,376,380,382,382,388,393,402,409,415,430,433,439,442,451,456,455,459,462,469,476,481,488,497,502,510,516,523,527,536,548,557,565,571,577,585,595,600,603,608,618,629,640,645,650,653,655,657,666,670,680,684
exp 1,run 13
1000,994,990,989,987,986,985,985,984,984,983,982,981,980,977,974,973,973,970,969,965,964,964,962,960,958,954,953,951,949,948,945,944,941,939,934,931,930,928,923,921,916,913,911,904,896,891,887,885,882,875,871,866,863,853,846,842,835,832,824,815,809,804,797,793,786,782,777,774,771,770,763,762,756,754,747,742,735,725,719,710,705,700,694,688,679,675,668,665,665,659,646,639,630,622,615,611,604,596,591,586,583,583,579,572,563,557,556,547,540,531,522,516,511,502,495
25,32,38,40,42,43,45,45,47,47,49,49,50,51,55,59,61,61,66,67,74,75,75,78,81,82,85,86,88,91,93,98,98,103,105,112,117,118,121,126,128,135,139,142,152,163,169,175,178,183,193,199,204,209,224,233,237,248,251,261,274,282,289,297,303,313,318,326,330,335,336,346,346,356,358,366,371,379,392,402,415,423,430,436,443,455,461,470,472,472,480,500,507,518,533,543,546,554,564,571,578,582,582,586,595,606,614,616,628,639,649,663,670,676,687,697
exp 1,run 14
1000,996,994,992,992,992,992,991,991,988,988,987,986,984,983,983,982,980,979,977,977,970,968,968,966,965,962,959,957,954,951,948,945,944,941,941,939,936,936,933,933,931,928,926,920,918,914,910,905,903,899,893,893,890,889,886,885,880,880,880,880,879,876,874,868,861,858,851,849,844,838,833,832,826,823,818,811,810,805,802,794,790,789,785,778,771,767,766,760,758,755,751,743,740,738,736,733,725,720,719,715,709,704,702,700,695,689,684,683,673,668,662,652,643,635,626,624,618,613,605,596,592,586,576,573,567,561,557,549,543,536,532,524,519,514,514,509,504,491
25,29,31,34,34,34,34,36,36,40,40,42,43,45,46,46,48,50,51,53,53,62,65,65,69,70,73,76,79,83,87,92,97,99,104,104,108,111,111,115,115,119,122,125,133,137,143,148,157,160,164,172,172,175,177,180,181,188,188,188,188,190,193,196,203,212,215,226,229,234,242,248,250,261,265,272,285,287,295,299,309,316,318,322,332,342,348,349,354,356,359,365,377,380,382,384,389,400,404,405,411,420,427,430,433,439,449,457,458,472,480,488,501,513,525,537,539,545,551,561,573,578,586,598,602,610,616,621,631,638,646,652,662,667,675,675,681,687,703
exp 1,run 15
1000,997,997,997,997,997,995,994,994,994,994,992,991,988,988,988,986,986,984,980,978,976,975,974,971,970,969,968,964,962,958,956,952,949,948,947,946,945,943,941,937,934,929,927,924,923,917,912,908,902,900,894,889,888,885,882,880,877,872,871,866,863,854,851,844,844,841,836,830,826,821,821,817,814,810,807,799,794,792,785,777,774,769,764,757,750,746,740,735,729,725,719,711,706,702,698,689,683,675,666,657,652,648,644,642,640,633,624,618,613,607,603,596,592,587,580,572,566,560,554,544,538,525,517,514,509,502,495
25,29,29,29,29,28,31,32,32,32,32,35,37,40,40,40,42,42,46,50,52,55,57,58,61,63,64,65,72,76,83,86,93,96,98,99,101,103,107,109,114,118,126,130,134,136,144,151,157,166,168,179,186,186,191,195,198,203,210,212,220,223,236,241,253,251,256,262,271,277,285,285,291,294,297,300,311,318,320,330,339,343,349,355,364,373,378,384,390,399,406,414,424,428,433,438,449,457,468,480,491,499,505,512,515,518,529,543,553,560,568,575,585,592,598,604,614,620,631,640,655,662,679,689,692,698,709,717
exp 1,run 16
1000,997,991,989,984,981,979,976,974,973,972,972,967,965,963,960,957,954,948,945,938,934,931,929,926,925,922,912,907,902,895,890,880,876,871,869,864,854,851,845,845,842,837,837,833,830,830,825,812,807,804,799,795,793,789,786,784,775,772,767,763,759,756,753,749,745,737,733,725,721,718,712,703,699,691,686,682,675,670,667,664,663,662,660,658,653,648,639,634,629,624,622,612,608,605,598,591,587,585,579,571,565,563,556,551,546,545,541,539,532,528,526,524,522,519,515,513,512,508,507,505,501,492
25,30,39,41,47,50,54,58,62,64,65,65,72,74,78,82,86,91,99,102,113,118,123,126,130,132,137,153,159,166,175,183,196,201,208,210,216,231,235,243,243,248,257,256,260,266,266,272,290,297,302,307,312,315,322,326,330,341,346,351,355,360,365,370,375,381,392,395,407,413,417,425,437,442,451,456,461,469,475,479,482,484,486,487,489,498,504,516,523,530,535,537,552,557,560,570,579,583,585,593,605,615,618,626,634,642,644,647,650,661,665,667,670,669,672,679,681,682,686,685,689,694,705
exp 1,run 17
1000,994,992,991,987,981,981,981,979,979,977,973,973,971,970,967,967,965,961,960,957,956,953,951,950,950,945,942,942,940,935,933,932,931,926,925,921,917,912,911,908,906,903,900,897,893,892,887,883,879,878,876,875,870,868,864,862,856,853,849,845,844,841,839,837,833,829,827,823,819,819,814,808,801,795,789,787,783,782,777,773,769,767,762,755,753,743,737,736,727,714,711,707,702,694,692,688,687,683,681,678,674,672,667,658,654,650,646,641,637,633,630,625,623,621,617,610,604,602,599,598,593,586,580,574,570,561,557,552,547,543,537,533,530,527,525,522,521,515,514,510,505,505,504,500
25,34,38,40,43,51,51,51,54,53,57,62,62,65,67,70,70,73,79,80,85,87,91,93,94,94,101,105,104,107,114,117,117,117,125,127,133,139,147,149,152,155,161,164,167,171,171,178,183,186,188,191,192,198,201,206,208,216,219,226,230,231,235,237,241,247,253,256,262,266,266,272,278,285,293,302,305,311,312,319,324,329,333,340,349,353,366,374,375,388,405,410,415,421,429,431,435,436,442,443,446,451,452,458,469,472,477,482,489,493,497,500,505,507,510,513,522,529,531,535,537,541,550,559,567,572,579,585,591,595,603,610,615,619,623,626,629,631,638,640,643,647,645,646,652
exp 1,run 18
1000,995,994,994,993,993,991,990,989,985,980,973,971,968,967,964,961,959,958,955,953,950,948,948,944,943,938,938,933,930,927,923,921,919,918,913,911,908,905,901,897,895,890,886,882,872,866,861,859,857,851,846,839,834,830,826,820,817,814,803,795,788,778,774,768,762,761,752,747,742,735,720,712,711,700,693,686,679,672,668,659,654,647,642,638,629,623,616,613,603,598,591,586,580,574,571,557,548,540,536,530,526,519,511,504,502,495
25,32,34,34,36,36,39,40,42,48,55,67,69,74,75,80,83,86,88,93,96,101,103,103,108,109,116,116,120,124,128,133,136,138,139,144,147,151,157,162,169,172,180,186,192,207,215,222,224,226,235,243,252,258,262,267,276,280,283,296,308,317,329,334,340,348,349,361,369,377,387,411,420,421,438,447,457,467,475,481,494,501,508,518,524,535,545,554,558,572,578,588,591,598,607,613,632,645,655,661,668,672,680,690,701,704,714
exp 1,run 19
1000,998,997,997,997,994,994,993,992,991,989,988,987,987,983,981,981,979,977,975,973,972,969,966,963,955,953,951,950,945,945,941,937,935,934,930,928,924,921,917,916,911,909,904,903,898,894,891,889,888,886,884,878,875,873,866,864,862,859,857,853,852,844,838,837,833,831,825,817,811,806,800,796,784,784,780,780,776,773,770,760,756,751,743,742,736,725,723,720,713,707,705,702,697,692,691,688,684,679,678,675,668,663,659,655,649,644,635,626,616,613,610,604,597,592,588,585,576,573,568,566,564,557,550,547,543,536,532,528,526,522,516,511,509,505,502,497
25,27,28,28,28,32,32,34,35,36,38,39,41,41,48,51,51,54,56,59,63,65,68,73,77,89,91,95,96,102,102,107,113,117,118,122,125,129,133,137,138,144,147,155,156,162,166,171,173,175,177,179,188,193,197,206,209,212,216,218,223,223,232,241,243,247,249,258,268,276,282,288,293,312,312,317,316,322,325,330,346,352,360,371,371,378,394,397,401,408,415,417,420,425,434,435,439,444,450,449,453,462,469,474,480,487,494,504,517,534,536,537,545,553,560,565,568,580,584,590,593,595,605,613,616,620,628,631,636,637,639,645,652,656,663,668,675
exp 1,run 20
1000,993,989,987,985,985,983,980,980,980,977,977,974,972,971,970,966,964,961,958,953,949,947,942,942,939,938,937,934,932,932,930,924,919,917,915,912,911,907,905,903,902,900,899,894,889,888,888,884,883,881,878,875,873,869,866,862,859,853,850,846,843,837,835,833,832,829,828,828,825,821,819,817,816,810,805,801,797,790,785,782,777,775,770,767,760,758,755,751,744,737,731,726,724,717,705,696,689,678,669,664,662,659,655,648,642,632,622,617,615,608,606,603,598,593,588,582,575,570,563,558,551,550,542,540,536,532,531,528,521,515,512,505,500
25,35,41,43,45,45,47,51,51,51,55,55,59,63,63,64,71,73,78,83,89,94,96,102,102,107,109,110,115,119,119,121,129,137,139,141,144,146,152,152,155,157,159,161,165,172,174,174,180,181,183,186,189,192,197,201,206,209,216,222,228,232,241,244,247,248,253,255,253,256,260,263,266,268,277,283,289,293,304,311,313,321,323,330,335,346,349,353,360,371,381,389,395,397,408,423,433,442,457,469,473,474,478,485,493,503,512,525,533,536,547,550,554,562,567,574,582,591,596,604,609,618,620,631,634,638,642,642,646,657,666,669,681,685
exp 1,run 21
1000,996,992,988,986,985,984,983,982,981,979,977,977,975,970,968,968,966,965,962,960,957,956,954,953,952,951,946,945,945,945,943,942,941,940,935,932,931,929,928,928,928,927,924,920,916,914,910,906,904,902,901,901,899,897,894,892,885,884,883,876,868,863,862,860,857,853,849,848,847,844,834,829,822,814,805,800,794,791,787,781,776,772,769,763,755,750,748,741,736,730,727,725,723,715,709,701,691,689,682,675,671,662,656,650,643,637,632,624,622,616,613,609,605,598,590,584,578,563,556,551,545,540,535,527,520,515,505,502,499
25,31,36,41,44,46,47,49,51,53,56,59,59,61,67,70,70,72,73,76,78,81,82,85,85,86,87,93,94,94,94,96,98,99,100,108,112,113,115,116,116,116,117,122,129,136,139,146,150,153,155,157,157,159,161,164,166,174,175,176,187,200,207,208,210,215,219,224,225,226,231,246,254,262,274,285,291,298,301,307,315,324,329,333,342,354,360,362,371,379,386,391,395,397,408,414,422,436,439,449,457,462,473,480,488,498,505,513,525,528,536,539,546,551,563,573,580,585,605,613,620,631,638,644,654,664,670,681,686,691
exp 1,run 22
1000,996,994,992,989,985,985,985,984,983,982,981,979,979,977,977,974,971,971,967,964,963,960,958,955,951,950,945,943,940,938,936,931,931,929,926,921,919,918,916,913,910,907,904,901,898,896,894,887,883,879,873,867,859,856,851,848,841,836,831,828,826,822,818,816,812,802,801,799,795,793,791,787,783,780,778,771,766,762,760,752,748,740,738,733,724,720,716,711,708,704,696,693,688,679,677,671,670,663,655,647,641,636,631,624,616,607,602,597,591,585,576,570,566,561,552,547,541,536,530,522,515,514,513,504,499
25,31,34,36,39,45,45,45,46,47,48,49,51,51,54,54,56,60,60,66,69,71,74,76,81,85,86,93,95,100,103,107,114,114,116,119,126,130,131,135,138,144,147,150,156,159,162,165,175,181,186,194,204,213,217,222,226,236,245,251,256,260,265,270,273,279,294,296,298,305,309,312,318,323,327,329,340,347,354,357,369,376,390,393,399,410,415,422,429,432,438,446,448,457,471,474,481,482,491,500,507,515,524,531,540,552,564,569,577,585,594,606,613,617,625,636,642,650,656,664,675,686,686,688,702,709
exp 1,run 23
1000,997,996,995,994,991,990,989,987,984,984,984,984,980,979,979,978,977,977,974,972,972,970,969,969,969,968,967,967,959,956,955,954,949,947,946,943,938,937,937,937,934,932,932,928,924,920,917,917,915,913,907,903,900,894,893,885,879,879,877,875,867,862,859,856,853,852,849,846,841,836,829,825,824,820,818,814,809,806,801,793,791,787,781,780,775,774,771,766,763,761,756,752,748,745,741,739,734,731,728,721,715,707,696,692,686,681,678,678,677,675,670,660,652,651,647,640,635,632,625,619,614,608,603,602,597,594,590,588,585,582,577,576,571,565,561,558,558,555,554,551,547,543,539,536,530,526,522,519,517,514,508,505,501,500
25,28,29,30,32,35,35,36,39,42,42,42,42,48,49,49,51,52,52,57,59,59,61,63,63,63,65,66,66,77,82,83,84,91,93,94,97,103,105,105,105,108,110,110,115,120,123,127,127,131,134,142,147,151,160,162,174,184,184,186,189,199,206,209,213,216,218,223,226,232,240,248,253,253,258,260,266,273,276,283,295,298,304,311,312,317,318,322,327,331,334,341,346,354,357,362,365,372,376,381,392,400,412,426,431,439,446,449,449,451,453,461,473,482,482,486,498,507,511,519,527,532,539,544,545,554,559,564,567,570,574,582,584,593,601,606,611,611,615,615,618,619,625,629,632,641,645,651,654,658,662,668,672,676,676
exp 1,run 24
1000,997,994,993,993,992,992,990,990,990,990,989,989,987,987,986,985,982,980,978,977,977,977,976,975,973,971,968,967,962,960,958,958,958,955,952,951,950,948,948,947,944,943,942,941,940,936,934,934,932,929,925,924,920,918,917,912,907,903,899,896,887,884,881,878,874,870,868,864,859,855,845,843,834,829,826,820,815,813,807,803,800,795,793,792,789,785,781,779,776,774,770,768,760,756,751,750,743,741,738,732,729,719,713,710,705,700,695,688,685,681,673,669,668,662,653,643,635,632,621,617,615,613,610,603,592,590,585,580,576,569,566,560,559,559,554,550,548,541,533,528,522,516,513,505,503,501,494
25,30,35,37,37,38,38,42,42,42,42,44,44,47,47,48,49,52,55,57,59,59,59,61,63,65,69,73,74,81,84,86,86,86,90,94,95,97,101,101,103,108,109,110,111,112,117,119,119,122,126,132,132,139,143,144,150,158,165,170,173,183,187,192,196,202,207,209,215,222,226,243,247,259,266,270,279,284,287,296,302,307,314,316,317,323,327,333,336,339,342,347,351,363,369,375,376,384,385,388,394,396,411,420,424,430,436,443,452,456,462,473,477,479,485,496,507,521,524,542,548,551,554,557,569,585,589,594,602,608,614,617,622,622,621,629,636,638,647,657,664,673,678,681,692,695,698,707
exp 1,run 25
1000,994,994,994,994,993,993,993,993,990,988,988,987,986,986,984,984,984,980,978,974,971,968,965,964,961,960,958,957,954,951,951,947,942,939,936,934,934,931,929,926,926,923,920,918,914,913,910,907,903,899,893,889,888,887,884,882,879,870,865,864,862,860,852,847,841,833,829,825,819,814,810,801,798,797,793,787,780,776,774,768,762,755,752,745,736,732,730,727,723,722,720,715,709,702,695,691,686,682,681,671,669,662,657,654,651,648,648,642,638,632,628,624,619,615,610,606,602,598,594,589,585,583,578,573,570,568,561,555,549,541,539,535,530,525,525,516,510,506,502,498
25,34,34,34,34,36,36,36,36,41,44,44,45,46,46,50,50,50,57,60,65,69,73,75,76,79,80,82,84,89,92,91,97,103,108,113,114,114,118,121,125,125,131,134,137,144,145,150,155,162,168,176,183,184,186,192,194,198,213,219,220,222,225,233,241,249,261,266,273,282,288,293,304,307,309,314,324,334,340,343,353,360,371,374,384,394,399,401,406,413,413,416,423,430,438,449,455,460,466,467,482,484,496,504,507,512,515,515,522,528,533,537,542,548,551,556,560,564,571,577,583,587,590,596,603,608,611,621,629,636,648,652,659,666,674,673,686,696,702,707,712
exp 1,run 26
1000,995,992,989,987,982,981,979,977,976,975,971,970,970,970,968,968,968,968,968,967,967,967,966,962,958,955,953,951,950,950,947,945,944,941,937,932,931,928,925,921,918,913,912,910,907,903,902,899,896,895,893,887,883,881,879,875,873,868,861,857,852,846,838,834,832,829,826,825,824,822,818,812,808,805,797,795,791,789,788,786,782,778,776,774,771,766,764,759,755,749,742,735,724,717,712,709,702,700,690,685,676,666,656,654,651,647,643,639,634,631,629,623,615,607,599,593,590,586,581,578,572,566,563,559,558,554,550,545,539,536,528,519,512,507,502,498
25,32,35,40,44,50,51,54,56,57,58,64,66,66,66,69,69,69,69,69,71,70,70,71,76,83,87,91,93,95,95,99,101,103,107,113,120,122,125,129,132,136,142,143,146,150,156,157,161,164,164,168,175,180,184,187,192,194,200,209,216,223,234,245,252,254,257,261,262,263,265,269,276,283,287,296,298,303,305,307,310,317,322,324,327,331,337,340,346,351,360,369,381,395,406,415,419,432,433,447,452,464,480,493,496,499,504,510,517,524,528,531,539,549,560,571,581,585,587,593,596,603,610,613,617,618,623,630,637,642,643,652,664,673,682,688,693
exp 1,run 27
1000,994,993,991,989,987,986,985,982,981,977,977,976,975,972,969,968,962,962,959,957,955,951,948,940,939,935,933,931,929,926,922,920,915,911,907,902,899,895,893,885,881,878,875,872,870,868,863,861,861,859,853,849,848,843,840,836,831,825,822,820,814,811,805,801,798,794,789,783,778,776,771,769,765,758,754,752,748,743,742,737,732,729,719,715,707,701,696,694,682,674,670,666,663,659,656,652,644,637,633,631,626,624,620,605,603,597,596,594,589,586,585,584,578,573,568,565,556,552,545,534,528,521,517,511,503,498
25,36,37,40,43,45,46,47,52,53,58,58,59,60,64,68,70,77,77,83,84,87,94,97,111,112,117,119,123,127,132,137,139,147,151,158,166,169,173,176,189,194,200,203,208,210,212,218,221,219,222,231,236,237,245,249,253,260,268,271,274,281,284,292,297,299,303,309,317,324,327,335,337,342,350,355,359,363,369,370,375,383,386,400,406,419,426,434,436,455,467,472,480,485,492,495,501,509,518,525,528,536,539,544,563,566,574,576,580,586,590,591,593,602,609,616,620,632,640,651,663,674,685,692,699,710,716
exp 1,run 28
1000,996,993,993,993,989,984,981,978,976,972,971,969,969,966,964,961,961,961,959,957,956,951,949,948,943,941,940,938,928,922,919,915,914,909,905,899,895,890,887,885,882,874,868,860,852,844,836,834,829,824,821,819,815,809,798,793,787,784,777,769,762,754,750,743,736,728,720,715,710,702,696,690,681,680,672,664,659,655,653,646,639,634,629,622,616,610,603,596,587,577,569,562,556,551,546,539,529,525,519,515,509,501,494
25,31,35,35,35,41,49,55,58,60,65,65,68,68,74,78,81,81,81,83,86,88,95,97,98,105,109,111,114,129,136,141,147,149,158,163,173,180,186,191,194,198,208,215,225,237,248,261,265,269,274,279,281,287,297,312,321,329,333,344,354,362,371,375,387,399,412,424,427,435,448,455,462,473,474,487,501,507,512,515,524,532,539,544,556,563,573,582,593,604,618,631,641,652,658,665,672,687,693,702,709,718,728,736
exp 1,run 29
1000,998,995,995,994,994,994,993,991,989,987,986,984,982,982,979,978,976,975,975,975,974,970,968,967,967,966,962,960,960,960,960,958,958,957,956,956,954,953,952,949,948,948,948,947,947,947,947,947,947,945,945,942,939,938,936,935,935,933,931,925,923,923,923,921,919,919,916,914,914,909,906,904,904,904,904,904,903,902,901,901,901,899,896,896,893,892,890,890,887,886,883,880,879,877,872,871,868,865,863,859,858,854,854,853,851,849,845,842,839,839,836,832,827,824,819,814,811,807,802,802,799,797,791,790,788,786,784,779,774,766,764,760,755,752,751,748,747,743,741,739,735,730,727,724,719,714,712,706,701,700,697,695,695,690,683,675,670,668,666,662,656,651,648,645,642,636,634,630,627,623,616,609,608,601,598,593,590,588,579,571,566,562,556,554,545,539,532,526,518,516,511,508,507,505,498
25,28,31,31,33,33,33,33,36,38,40,41,44,46,46,51,52,54,55,55,55,56,60,63,64,64,65,71,73,73,73,72,75,75,76,77,77,80,82,83,86,86,86,86,88,88,88,86,86,86,89,89,92,95,96,99,101,101,105,106,114,116,116,116,117,119,118,121,125,124,130,135,138,138,138,138,138,139,141,142,142,142,144,149,148,153,154,157,157,161,160,163,167,168,171,179,181,185,188,190,196,197,201,201,202,204,206,212,216,219,219,225,231,241,247,255,261,265,268,276,276,280,282,289,291,292,296,298,305,313,322,325,331,337,340,342,345,346,351,353,356,361,369,372,375,382,389,392,400,406,408,411,413,413,418,429,438,443,446,449,452,460,469,472,476,480,489,491,496,500,505,516,523,524,532,536,542,547,550,564,573,580,586,594,597,611,620,629,637,647,647,652,654,656,658,670
exp 1,run 30
1000,993,990,989,989,988,988,985,985,985,983,980,980,980,974,972,967,967,966,960,954,953,949,947,942,942,940,938,936,932,932,926,923,921,916,914,910,908,903,903,895,893,890,887,884,883,876,869,867,865,860,854,847,843,838,837,835,834,827,826,822,820,814,808,805,797,794,790,789,787,783,779,772,766,764,757,755,753,752,751,743,740,735,731,729,728,718,716,714,708,704,701,700,698,695,694,685,678,673,671,668,664,659,657,655,650,644,640,635,631,626,622,620,616,613,610,609,605,600,598,595,592,589,583,579,577,571,567,564,559,555,553,552,546,536,532,529,525,523,519,516,509,505,503,500
25,35,39,40,40,41,41,45,45,45,48,52,52,52,60,62,69,69,71,78,88,89,94,98,105,105,108,111,113,117,117,127,130,134,140,142,147,150,157,157,166,169,171,176,180,180,188,196,199,201,209,216,224,229,235,237,240,241,249,250,256,258,267,276,281,294,299,301,302,301,306,312,321,330,332,341,344,347,348,349,360,363,370,374,376,377,392,395,397,407,413,416,417,419,421,421,432,441,447,450,453,457,463,464,465,470,479,485,493,498,504,509,510,514,517,521,522,529,536,540,544,548,552,562,567,571,576,582,584,589,594,597,598,606,618,624,626,629,631,638,644,650,655,659,663
exp 1,run 31
1000,994,994,992,991,988,986,986,986,983,980,977,974,973,973,973,973,973,972,972,969,967,966,962,960,956,952,948,948,946,945,938,937,935,935,934,933,932,931,928,926,926,926,925,918,917,915,911,909,905,904,903,902,900,895,893,889,886,883,881,880,878,875,873,871,865,862,862,857,853,852,851,847,842,840,834,829,828,825,819,815,807,803,802,797,794,789,781,778,775,770,766,765,764,764,760,759,755,752,745,740,738,734,730,726,723,723,716,712,709,707,702,701,697,695,688,684,682,681,676,672,669,664,661,659,655,652,648,644,639,633,630,628,623,617,612,604,601,601,597,593,589,586,583,581,571,563,559,557,549,547,541,537,529,524,522,517,514,512,509,504,499
25,35,35,38,40,45,48,48,48,53,56,59,63,64,64,64,64,64,66,65,69,72,74,80,83,88,95,100,99,102,104,114,115,117,117,119,121,123,125,128,130,128,128,128,139,141,143,149,152,157,159,160,161,163,171,173,178,182,187,187,187,190,194,197,199,209,212,211,217,223,225,226,231,237,240,249,254,254,258,266,271,283,290,291,298,302,309,319,322,327,333,337,338,340,339,346,347,352,355,366,374,377,381,384,389,394,394,405,411,413,414,423,423,430,432,441,446,447,446,451,456,460,467,470,473,478,483,488,495,502,509,511,515,521,529,536,546,550,549,553,561,566,570,575,577,591,605,609,610,623,626,637,643,653,660,663,667,671,672,675,684,691
exp 1,run 32
1000,996,995,995,993,992,989,989,987,986,985,984,984,984,980,979,977,977,976,975,975,974,972,971,971,971,970,967,962,958,956,952,951,951,947,944,943,942,939,937,934,932,929,929,924,924,922,920,914,910,907,904,897,894,891,889,886,882,879,874,870,863,860,851,847,842,840,837,836,831,826,820,817,812,808,804,803,801,797,795,790,787,785,777,772,763,758,753,746,743,741,738,734,729,722,718,710,705,701,695,692,682,676,673,669,660,655,649,645,643,639,635,630,620,616,610,600,597,589,581,575,569,559,553,551,545,540,533,529,523,516,512,510,507,503,498
25,30,31,31,34,35,40,40,43,44,46,47,47,47,52,53,55,55,56,57,57,59,62,64,64,64,65,70,77,83,86,91,92,92,96,99,100,101,106,109,113,115,121,121,129,129,132,135,143,147,150,154,164,168,172,174,177,182,186,194,200,210,216,229,235,242,245,249,250,256,263,271,275,281,287,292,293,295,300,302,311,315,318,328,335,349,355,363,371,375,378,381,388,397,405,410,421,428,432,440,444,458,466,469,476,488,494,503,507,508,512,519,525,537,541,548,560,562,573,582,588,597,610,616,616,625,631,641,645,651,660,668,670,674,680,685
exp 1,run 33
1000,997,995,994,994,993,992,989,987,983,982,980,980,978,977,974,972,972,971,971,970,967,964,961,959,955,955,954,951,948,944,939,937,935,931,928,927,926,925,923,920,912,908,904,901,898,896,894,889,882,878,874,871,868,866,861,852,852,852,847,845,843,840,838,836,829,826,825,822,815,811,805,802,795,792,786,784,779,775,770,769,768,766,761,761,757,755,752,748,745,738,735,730,727,725,719,716,711,709,706,704,699,692,685,682,677,672,667,662,658,649,644,638,631,617,615,610,601,597,592,589,585,582,577,569,565,562,557,546,540,531,525,518,511,506,500
25,29,32,33,33,34,36,39,41,49,50,53,53,56,57,62,66,66,67,67,69,73,76,81,85,90,90,91,94,99,104,110,114,116,121,124,125,126,128,131,135,144,149,155,158,163,165,168,177,188,194,201,205,209,212,219,231,230,230,239,242,245,250,253,256,266,270,272,276,286,294,302,307,317,320,329,332,339,345,352,353,354,358,367,367,373,377,382,388,393,401,406,412,415,417,424,429,437,440,445,447,455,464,474,476,480,487,494,498,501,514,523,529,540,563,566,572,581,587,596,599,602,606,613,622,627,631,635,651,658,671,679,688,697,702,710
exp 1,run 34
1000,993,991,990,990,989,987,983,982,979,977,977,977,976,976,974,973,973,972,967,966,965,965,964,963,961,957,957,956,954,951,950,950,950,948,946,945,942,939,938,934,932,928,924,921,921,920,920,920,914,914,912,910,907,904,903,902,895,888,885,883,881,878,875,873,872,867,862,859,853,848,843,839,836,835,832,830,826,818,814,812,806,797,796,796,793,791,788,783,779,777,771,767,762,759,756,750,745,742,734,729,727,720,717,713,708,704,702,700,697,692,687,685,681,676,672,667,664,661,656,649,644,643,640,638,636,629,622,620,617,611,608,606,603,597,590,581,579,574,567,564,562,557,548,546,543,537,534,532,529,523,517,514,512,509,505,503,502,497
25,35,38,39,39,40,43,47,48,51,53,53,53,55,55,57,58,58,59,66,67,68,68,69,71,74,77,77,78,80,84,85,85,85,88,90,92,96,101,103,110,112,117,124,129,129,130,130,130,138,138,141,143,147,149,149,150,159,171,173,176,179,183,186,189,191,200,206,211,222,228,234,241,245,246,249,252,257,268,274,277,286,300,301,301,305,308,312,319,325,327,333,337,342,346,349,356,364,369,381,388,391,400,403,407,413,418,421,424,426,432,437,441,447,453,460,466,471,474,480,489,497,498,501,505,507,516,525,527,530,540,544,546,551,559,567,579,581,587,600,602,603,610,619,623,628,635,639,642,645,653,662,665,667,671,678,681,683,689
exp 1,run 35
1000,996,994,993,991,988,984,977,977,976,976,975,970,968,966,964,963,962,958,956,955,952,951,949,947,946,943,942,942,942,941,938,933,931,924,919,917,913,911,903,898,897,897,893,890,889,886,881,877,875,873,868,863,862,858,850,845,839,832,828,819,816,812,805,802,797,789,780,771,766,760,756,753,743,741,733,727,719,704,699,696,687,682,673,665,657,648,639,633,630,625,615,605,593,589,586,581,568,561,555,549,539,525,512,503,496
25,30,32,33,36,39,46,56,56,57,57,59,65,68,70,73,75,76,82,85,87,90,91,93,95,96,101,103,103,103,105,108,116,119,129,137,138,144,147,158,165,166,166,172,177,177,181,189,194,197,200,206,214,214,219,230,239,246,254,261,274,279,285,293,296,304,317,330,342,350,358,364,368,382,384,393,401,414,435,443,445,458,466,479,487,495,507,521,531,535,541,554,570,588,594,598,606,625,631,639,646,660,678,691,704,715
exp 1,run 36
1000,997,996,992,989,985,984,984,983,981,980,978,977,977,972,969,966,965,962,959,955,950,948,944,939,935,932,930,924,921,918,917,912,909,899,897,894,885,881,876,870,865,861,857,853,851,843,835,832,827,820,814,811,808,802,791,789,786,780,774,768,760,755,752,746,744,738,732,727,721,716,714,708,704,701,696,687,685,678,666,665,665,662,662,659,655,646,640,636,634,626,624,620,614,603,599,596,590,589,584,582,577,570,560,555,551,544,541,536,534,530,530,525,520,515,510,507,505,502,500
25,28,29,35,39,44,46,46,48,50,52,56,57,57,65,70,74,76,80,84,91,98,101,105,110,116,119,122,132,137,140,141,147,150,162,164,168,177,183,189,198,203,208,213,220,223,236,247,251,256,267,275,280,285,292,308,310,314,321,331,340,349,355,359,367,371,379,387,394,402,407,409,417,422,426,432,447,450,461,477,479,479,483,482,486,491,503,513,517,520,533,536,541,549,564,570,573,582,583,588,590,599,610,622,630,635,645,648,654,658,664,663,670,677,683,690,693,697,701,703
exp 1,run 37
1000,994,993,992,992,992,991,988,986,983,983,982,980,980,979,978,977,975,973,971,969,968,965,961,960,955,951,949,949,949,948,944,941,939,937,935,933,930,927,924,922,919,916,915,913,908,904,901,898,896,894,893,893,891,888,881,875,871,866,862,860,855,853,845,843,841,839,832,828,825,819,814,810,807,804,798,797,794,786,783,774,771,765,760,755,750,747,742,736,733,730,729,727,721,720,715,710,706,704,702,699,696,694,689,685,680,674,670,668,663,661,659,654,648,637,635,632,628,621,619,613,606,598,593,588,587,586,583,575,570,564,557,553,548,542,539,536,530,522,522,520,512,504,498
25,33,34,35,35,35,36,40,42,46,46,48,50,50,51,52,54,56,60,63,66,68,74,80,81,86,91,95,95,95,96,102,105,107,111,113,116,119,122,127,130,135,140,141,143,148,155,160,163,166,169,171,171,173,177,186,193,199,206,212,215,222,225,237,238,241,245,255,261,264,271,278,284,289,292,300,301,305,316,319,331,335,344,352,357,364,369,377,388,394,399,400,403,410,411,418,425,429,433,437,443,448,451,459,463,471,480,486,488,493,495,498,507,516,534,537,542,547,556,559,568,579,589,595,603,604,605,610,619,628,636,644,649,653,661,664,668,674,686,686,688,698,708,716
exp 1,run 38
1000,998,995,992,990,990,990,989,987,987,983,979,974,974,973,971,969,964,962,961,960,960,958,957,957,955,954,952,950,948,947,945,943,939,935,931,928,927,925,921,919,916,914,913,910,907,901,898,897,894,893,888,884,883,881,881,879,877,876,872,868,862,860,858,857,853,847,843,837,832,829,825,819,813,810,801,798,792,789,780,769,766,760,754,749,740,738,732,729,721,713,709,706,702,698,694,688,684,678,676,668,660,656,648,637,633,627,621,613,604,599,589,577,574,565,557,550,549,539,530,521,517,512,508,504,501,496
25,29,35,39,41,41,41,43,46,46,52,59,66,66,67,69,71,77,79,81,83,83,86,88,88,91,92,96,99,101,102,105,107,112,116,121,126,128,130,135,137,142,145,147,152,155,162,165,166,170,171,177,182,183,187,187,191,193,193,201,205,214,217,221,223,229,237,243,251,257,262,266,274,283,286,298,303,308,313,325,344,346,353,360,368,380,382,391,395,407,420,426,432,436,442,446,454,459,465,468,478,490,494,505,518,523,531,538,551,565,572,585,600,605,615,624,633,634,650,664,674,681,686,692,697,701,707
exp 1,run 39
1000,995,993,992,991,988,987,984,983,983,982,979,978,976,973,971,969,967,965,958,956,952,949,949,947,945,943,940,937,936,935,932,929,926,921,916,915,912,908,906,906,904,901,900,899,894,893,891,888,887,886,886,879,874,873,871,867,862,857,854,853,847,843,841,839,837,829,827,826,819,813,813,810,802,798,796,791,786,780,777,773,766,763,755,751,749,743,738,734,726,722,715,709,699,697,694,690,688,681,677,672,666,658,648,645,640,633,627,622,616,613,608,604,593,586,583,576,569,564,553,547,541,533,528,524,521,514,509,506,498
25,31,34,36,38,42,44,48,50,50,52,57,58,60,65,68,71,75,78,90,94,98,101,101,105,107,109,112,116,117,118,122,126,130,137,143,145,149,155,158,158,160,163,164,164,172,173,177,181,182,183,183,193,201,203,206,211,219,226,231,233,241,246,249,253,255,267,269,271,282,291,291,294,306,312,315,321,328,337,340,343,352,356,367,371,373,381,389,396,406,411,419,426,440,441,445,451,453,464,468,473,481,494,508,512,519,527,535,542,551,556,564,568,582,588,594,606,616,624,637,643,651,661,667,672,675,684,691,695,701
exp 1,run 40
1000,994,990,989,986,984,984,984,984,983,981,979,978,977,974,973,972,969,969,968,967,962,961,959,958,953,948,948,947,945,944,944,941,940,939,936,934,933,930,926,923,919,916,914,911,906,903,901,896,895,894,892,886,885,881,877,877,874,869,867,864,862,859,856,855,852,852,850,849,846,843,843,839,834,830,829,827,825,823,820,819,816,803,796,793,790,787,784,780,774,770,770,765,761,755,753,746,743,739,738,733,730,726,719,716,708,702,699,693,688,682,676,673,670,668,663,660,650,638,636,629,624,617,610,603,594,590,588,584,581,576,571,569,566,562,559,552,545,541,540,535,533,528,513,507,502,495
25,34,40,41,45,48,48,48,48,50,53,56,57,59,63,65,66,69,69,70,71,77,78,81,83,90,97,97,98,100,102,102,107,109,110,113,115,117,121,127,132,138,143,145,150,158,162,164,173,175,176,180,188,190,194,198,198,203,209,212,216,218,224,228,229,233,232,235,237,240,243,243,246,253,258,259,262,263,265,269,271,274,295,305,309,312,316,319,323,332,337,336,343,347,355,357,365,369,374,375,382,385,390,401,405,414,420,424,431,436,444,450,454,457,460,466,470,486,503,505,514,521,532,541,553,564,568,570,576,579,586,592,593,598,605,610,622,634,640,641,650,653,658,677,686,693,705
exp 1,run 41
1000,997,995,992,990,986,985,985,984,984,983,982,982,981,980,979,978,976,975,973,972,971,969,967,965,964,960,960,959,959,956,956,956,955,955,953,952,950,949,948,947,947,944,941,941,938,935,932,929,929,928,925,922,918,917,915,914,910,907,905,903,900,896,894,892,887,884,881,879,873,870,868,866,865,862,859,857,854,854,851,849,848,845,843,837,831,829,827,827,825,823,816,809,806,801,797,793,790,787,787,786,782,778,775,767,763,758,755,750,744,741,739,735,734,728,722,717,713,710,709,705,703,699,697,692,689,685,679,674,672,670,668,663,655,653,647,642,639,635,627,623,619,617,611,608,594,591,587,583,577,576,573,568,562,556,551,542,540,537,533,532,529,522,520,514,512,511,505,504,495
25,28,30,34,36,40,41,41,43,43,45,47,47,49,50,52,53,56,58,61,62,62,66,69,71,72,76,76,77,77,80,80,80,81,81,84,85,87,88,89,91,90,94,97,97,101,104,108,111,111,112,116,121,128,129,130,132,139,144,146,149,153,158,160,164,173,178,181,185,191,195,197,199,200,204,207,209,212,212,215,216,217,221,224,236,245,247,250,250,253,256,263,273,277,285,291,296,300,305,305,306,311,317,321,332,337,344,348,354,362,365,367,373,374,382,391,398,403,408,409,414,415,421,423,429,433,437,446,451,453,457,459,465,474,476,485,491,495,499,509,513,519,522,529,535,551,554,560,566,573,572,574,582,591,595,603,615,617,621,626,626,629,639,642,649,649,648,654,654,667
exp 1,run 42
1000,995,989,987,984,983,977,976,975,971,969,966,963,961,961,959,958,956,956,954,951,949,945,941,941,941,939,938,931,929,922,917,912,909,908,905,904,900,893,888,885,882,878,874,870,868,864,858,850,847,841,830,826,820,817,814,809,805,800,796,793,788,780,770,767,762,758,754,749,745,736,725,720,713,708,702,693,685,681,677,670,659,655,652,645,642,637,624,612,606,598,593,588,582,577,575,563,557,554,551,548,546,544,541,535,530,524,522,515,510,506,504,500
25,32,40,44,48,50,59,60,61,67,70,74,78,81,81,83,84,87,87,90,94,97,104,111,111,111,114,116,126,130,141,147,154,158,159,162,164,169,179,185,190,193,195,199,206,208,213,222,234,238,246,262,268,276,282,287,293,298,306,312,315,321,336,351,355,358,364,369,377,382,394,407,414,423,430,439,452,463,469,471,483,496,499,502,514,517,522,541,558,567,579,584,592,601,608,612,628,635,639,644,649,651,654,656,666,672,682,686,698,705,708,708,711
exp 1,run 43
1000,996,994,992,992,992,991,989,983,981,980,977,976,971,968,967,967,966,965,965,962,961,960,958,956,955,953,953,949,947,943,942,940,938,936,934,931,925,921,918,915,912,909,906,901,900,897,895,892,888,886,880,877,868,864,860,857,851,845,843,835,833,829,822,815,810,809,805,798,792,786,776,768,764,760,753,749,746,743,737,734,729,725,722,716,715,711,706,700,687,678,673,669,665,662,656,648,643,640,636,634,626,622,615,604,599,595,589,586,579,569,565,557,550,546,543,539,537,536,531,528,521,515,509,502,500
25,32,36,38,38,38,38,41,50,53,54,57,59,67,70,72,72,73,74,74,79,80,82,86,90,91,93,93,99,101,108,109,112,114,117,120,124,132,137,142,145,151,154,159,165,167,173,177,181,185,188,196,199,211,217,222,227,236,244,246,258,261,265,276,287,293,294,299,309,317,324,341,349,354,361,371,376,381,385,392,396,400,406,410,418,417,424,429,438,456,467,474,477,484,487,495,508,515,518,522,525,535,543,554,569,575,579,584,587,596,608,611,620,629,634,637,641,641,642,650,655,663,670,679,687,690
exp 1,run 44
1000,998,997,996,996,996,996,995,995,994,993,992,992,992,991,991,986,986,983,979,978,978,977,973,973,969,967,967,967,963,962,960,959,958,956,951,947,944,943,940,937,935,933,928,927,923,921,920,915,912,908,905,899,890,888,883,882,881,876,874,868,863,862,859,858,855,846,842,835,829,826,821,817,815,813,808,803,798,790,789,788,784,780,775,767,760,758,756,753,749,742,738,733,729,727,720,715,709,704,697,696,695,693,686,684,682,680,676,670,662,658,650,643,639,636,632,627,623,618,613,610,596,589,582,579,574,564,562,557,552,548,542,535,533,525,523,518,514,509,502,496
25,28,29,30,30,30,30,32,32,33,34,36,36,36,37,37,43,43,48,53,54,54,56,63,63,68,71,71,71,78,80,83,85,86,88,96,102,105,107,110,113,115,117,124,125,129,132,134,141,145,149,153,162,174,175,181,182,183,189,191,202,208,210,215,216,221,235,243,254,263,267,274,280,283,286,294,302,308,319,321,322,328,334,340,351,360,363,366,370,374,385,393,401,408,410,420,425,432,438,449,451,453,456,465,467,469,470,477,483,497,502,511,522,526,530,535,540,544,550,554,555,575,586,596,601,607,622,625,631,637,643,649,659,662,672,673,681,685,692,702,708
exp 1,run 45
1000,996,993,991,985,985,984,983,982,981,980,977,977,977,976,975,974,970,970,967,967,966,965,962,961,959,959,957,953,952,950,946,941,940,937,936,933,931,931,929,926,922,920,916,914,912,905,896,892,889,887,881,875,874,866,859,856,854,851,846,838,835,833,824,819,815,807,800,795,790,784,781,778,772,764,755,748,743,736,734,731,726,718,714,705,702,696,691,688,685,678,674,671,663,657,650,648,642,635,631,630,627,620,615,604,599,593,588,580,573,564,558,549,546,542,535,530,523,518,516,510,503,499
25,30,34,36,42,42,43,44,46,48,50,54,54,54,55,57,59,64,64,68,68,69,71,74,76,78,78,81,86,87,90,95,100,100,105,107,110,112,112,115,118,123,124,130,133,135,145,156,164,167,170,178,187,188,199,211,215,217,220,229,239,243,245,256,263,269,279,287,293,299,308,312,317,327,339,350,361,368,379,382,385,391,403,408,420,424,433,441,444,448,461,466,469,477,484,492,495,505,516,522,522,526,535,540,555,559,566,574,587,595,607,614,627,632,638,648,653,662,668,669,677,687,692
exp 1,run 46
1000,998,996,995,993,993,992,991,988,987,985,982,981,978,974,974,973,971,970,968,968,968,963,962,960,957,955,953,952,950,948,947,941,939,937,935,934,932,928,924,921,917,913,910,906,900,892,889,884,882,876,873,868,864,860,854,849,843,840,836,832,826,821,816,810,801,797,788,778,771,763,760,753,750,745,740,736,732,722,717,707,700,698,688,680,675,670,660,654,646,640,631,626,624,615,607,597,584,579,572,564,553,542,531,522,516,508,499
25,27,30,31,34,34,35,36,40,41,45,48,49,52,59,59,59,61,63,66,66,66,75,75,78,82,85,87,89,92,95,96,104,107,110,112,114,118,123,128,134,139,146,151,157,166,178,182,189,192,202,207,214,222,229,239,245,254,259,266,272,279,285,290,298,310,316,326,338,348,358,362,371,375,381,387,391,395,408,414,428,436,438,451,463,469,475,489,497,507,515,527,533,534,546,556,571,587,594,601,612,627,642,657,672,680,689,702
exp 1,run 47
1000,998,992,991,991,991,988,987,984,983,983,982,980,979,978,976,976,975,972,969,969,965,960,958,956,954,950,948,945,943,940,939,936,936,936,933,931,929,928,926,921,920,917,916,912,911,908,903,903,903,900,899,899,896,894,889,881,877,870,865,863,862,856,851,848,845,842,841,835,830,827,821,817,812,810,808,803,797,791,788,787,786,779,775,769,762,753,749,745,741,737,732,726,714,705,701,691,689,684,676,672,662,658,652,646,644,640,631,628,625,621,614,611,608,604,595,587,580,578,576,569,565,562,558,551,543,537,530,524,519,516,510,508,503,497
25,28,36,38,38,38,42,44,49,50,50,52,55,56,57,60,60,61,64,67,67,72,79,82,84,87,93,96,101,105,109,109,113,113,113,118,121,124,125,127,135,136,142,143,148,149,155,164,164,163,167,169,169,173,177,185,196,202,211,217,220,222,228,236,240,244,248,249,257,265,269,276,281,288,292,295,303,312,319,324,325,327,337,343,350,359,371,376,381,387,393,400,410,429,441,446,459,461,465,475,480,494,499,508,516,518,522,536,537,541,546,552,556,561,566,582,593,601,603,607,615,621,626,632,641,652,659,671,673,679,682,691,693,698,709
exp 1,run 48
1000,998,997,997,997,996,995,992,990,988,987,986,986,986,985,984,983,981,979,979,978,977,976,975,975,974,973,972,972,971,968,966,966,964,964,962,959,958,956,955,954,953,951,949,948,948,945,941,940,934,929,925,925,922,919,916,915,914,911,909,907,899,896,894,890,882,880,872,869,866,862,861,857,855,848,844,842,838,832,829,823,819,818,815,808,805,800,798,794,790,788,780,778,775,768,763,761,753,745,740,735,732,726,721,720,712,711,705,699,694,690,684,681,674,669,663,662,656,645,638,635,630,626,624,618,612,610,605,598,593,591,588,583,579,576,568,561,558,554,552,550,547,545,535,534,528,526,519,517,506,501,495
25,27,28,28,28,30,31,36,39,41,42,43,43,43,44,45,46,49,52,52,53,54,55,56,56,58,59,60,60,62,66,70,70,73,73,75,80,81,85,87,88,89,92,95,96,96,100,106,108,117,122,128,128,132,136,139,140,141,145,147,151,162,166,169,175,183,184,192,197,201,207,208,214,217,225,231,234,240,249,252,260,266,267,271,281,286,293,296,302,309,313,325,328,331,341,346,348,361,372,380,386,390,397,404,405,417,418,425,432,440,444,452,455,464,473,480,479,488,501,512,516,525,531,532,538,546,550,558,567,574,578,582,587,594,599,609,619,622,626,628,631,634,638,651,652,659,662,671,673,686,694,705
exp 1,run 49
1000,996,994,991,989,987,986,984,983,982,978,977,975,975,974,970,967,960,958,955,952,950,948,940,939,938,935,933,928,926,922,920,918,914,908,906,905,902,895,895,892,888,886,883,878,876,866,862,860,858,855,853,848,843,840,837,833,829,824,819,816,816,813,808,804,800,795,793,790,786,784,780,777,772,763,757,754,746,745,741,740,736,732,726,722,716,708,701,698,694,690,688,685,683,676,673,671,667,663,660,655,652,641,635,630,627,625,622,619,616,611,607,601,598,593,590,585,581,578,577,569,564,563,561,554,549,547,543,538,535,531,527,521,517,516,513,509,506,501,498
25,32,34,37,40,44,45,48,49,51,56,58,61,61,62,67,72,80,82,85,89,91,95,106,108,109,113,116,123,125,131,133,136,144,152,156,157,162,172,172,175,181,184,187,195,199,213,218,220,222,226,228,234,241,245,248,254,258,266,272,274,273,278,284,289,296,304,307,311,315,317,324,328,333,342,350,355,368,369,373,375,382,385,391,395,403,417,425,430,435,441,443,447,450,458,461,463,468,473,476,484,489,506,517,524,530,532,535,539,542,547,551,560,564,572,577,587,594,596,597,608,613,615,616,625,630,630,635,642,644,648,652,660,664,665,668,671,675,683,688
exp 1,run 50
1000,996,994,993,992,992,991,991,989,988,987,987,986,986,986,986,985,984,984,978,978,976,975,975,973,971,968,967,963,962,959,955,955,953,950,949,946,943,938,937,936,935,932,929,927,924,923,921,918,912,911,910,907,904,902,899,897,895,888,883,880,878,878,875,872,868,863,859,853,853,848,846,842,838,832,824,822,821,816,810,805,802,798,795,788,786,777,772,767,762,754,752,749,740,731,722,716,711,706,705,703,697,688,682,676,672,667,651,646,639,633,630,621,619,610,601,600,594,583,579,576,574,569,564,560,557,545,540,531,528,521,517,512,501,495
25,30,32,33,34,34,36,36,39,41,42,42,44,44,44,44,45,46,46,56,56,58,59,59,61,64,68,70,74,75,78,84,84,87,92,93,96,99,105,105,106,108,112,117,120,125,126,128,131,139,140,140,145,151,153,157,159,162,171,177,179,182,181,185,188,193,199,205,212,212,218,222,229,234,243,252,254,255,263,269,276,281,285,290,302,304,319,325,331,337,347,349,353,367,381,394,401,407,413,415,418,426,437,447,455,460,466,491,497,507,517,521,534,537,548,562,564,573,585,590,596,598,604,610,616,621,638,644,655,661,672,676,684,699,709
exp 1,run 51
1000,998,997,993,990,990,990,989,988,982,982,978,976,976,974,973,973,972,970,968,967,965,963,963,960,958,953,950,949,943,938,933,928,922,919,915,914,912,908,908,903,900,899,896,892,890,885,880,875,869,862,858,855,849,846,844,839,835,831,826,824,818,815,810,801,796,790,785,777,776,773,763,756,746,733,727,722,711,701,691,686,683,680,674,670,669,665,657,653,649,641,636,632,628,624,620,612,608,605,596,588,581,574,562,557,547,540,538,532,528,524,518,510,504,494
25,29,30,36,41,41,41,43,44,52,52,57,59,59,62,64,64,64,67,70,71,75,77,77,81,85,92,97,99,108,115,122,130,139,143,150,151,152,157,157,164,168,169,172,177,180,186,192,197,204,214,218,222,230,234,238,245,251,257,264,266,275,279,285,299,305,312,318,331,333,337,350,358,372,389,397,403,418,431,445,453,457,461,468,471,472,478,488,494,500,509,514,518,524,529,535,546,549,551,562,575,582,591,607,612,624,633,636,643,649,654,664,676,682,690
exp 1,run 52
1000,995,993,993,991,990,990,987,986,984,981,976,975,974,974,971,969,965,963,962,960,959,957,955,953,945,943,938,937,936,931,930,925,923,916,915,914,911,907,898,896,892,889,889,886,881,878,874,869,865,860,856,853,848,845,842,840,836,827,822,814,803,800,795,790,778,770,766,757,753,750,746,739,736,733,733,727,721,715,712,705,695,691,687,684,677,672,671,667,661,656,655,650,645,641,640,637,631,628,625,619,612,605,601,597,590,584,579,577,575,570,568,564,564,559,553,552,550,544,537,536,533,529,522,518,509,506,503,498
25,31,34,34,36,37,37,40,41,45,49,56,58,59,59,63,65,70,73,75,79,80,83,86,90,102,104,109,110,111,118,119,125,127,137,138,140,144,150,165,168,172,176,175,178,185,187,194,201,207,215,220,224,231,235,241,244,249,261,267,281,295,297,303,310,327,339,344,355,358,361,366,374,378,381,381,387,393,403,407,420,435,441,444,448,457,465,466,471,477,486,486,490,500,506,508,512,519,522,527,536,547,558,565,570,580,586,594,594,595,602,605,610,609,615,623,623,625,631,640,642,645,648,656,658,671,676,680,688
exp 1,run 53
1000,997,995,994,994,994,994,992,991,989,988,987,983,983,981,980,978,977,976,974,971,970,970,970,968,966,965,962,961,961,960,957,957,955,955,953,949,948,948,946,946,942,940,938,937,934,931,928,928,926,923,921,919,916,912,906,903,901,900,898,896,892,887,882,879,874,873,870,865,863,861,855,850,844,842,840,836,832,827,825,821,816,809,801,796,791,789,786,779,774,770,768,767,765,761,753,746,743,735,729,728,721,718,713,709,707,701,699,692,686,682,675,670,666,661,657,653,649,642,639,637,630,626,624,617,609,606,603,601,597,593,591,588,585,582,574,567,562,559,557,554,553,545,541,541,531,530,523,518,511,509,506,495
25,30,33,35,35,35,35,37,39,43,44,46,51,50,54,56,58,59,60,62,66,67,67,67,69,72,74,79,80,80,80,85,85,87,87,89,94,96,96,98,98,104,108,110,111,116,121,125,125,127,132,134,137,143,149,157,161,165,166,168,170,178,187,194,198,203,204,209,218,221,224,234,242,249,251,253,260,265,270,272,278,287,295,306,314,320,323,328,339,346,351,354,356,358,363,375,387,390,401,409,411,421,427,434,441,444,453,456,466,475,482,491,497,502,505,509,514,520,529,533,536,544,549,553,562,571,574,580,581,587,592,595,597,602,606,614,625,633,637,638,643,645,654,659,659,671,673,681,690,697,699,704,720
exp 1,run 54
1000,994,992,991,990,988,985,983,983,982,982,981,977,976,973,972,969,966,964,962,960,960,958,955,955,953,950,950,947,939,932,931,927,925,922,918,914,911,909,906,901,896,895,895,894,891,890,887,884,881,876,871,870,862,860,853,851,848,848,845,844,837,832,830,829,827,825,824,822,821,820,819,815,809,799,791,785,778,772,770,765,762,757,756,749,745,741,735,735,729,723,717,711,701,696,695,694,691,687,675,670,667,661,655,646,641,637,629,627,621,616,607,602,595,589,578,572,567,560,553,548,544,541,536,534,529,520,511,510,504,493
25,34,36,37,39,42,45,48,47,48,48,49,57,59,63,64,70,74,77,80,82,82,86,91,91,94,99,99,103,112,122,123,128,131,135,142,147,152,154,160,166,174,175,174,175,179,180,183,186,191,198,205,206,217,220,230,232,236,236,240,241,252,261,263,264,267,270,272,274,276,278,279,284,292,304,312,320,327,336,339,347,351,359,360,369,372,377,386,386,394,403,410,419,431,439,441,441,444,449,465,472,476,486,491,504,512,518,528,530,539,545,556,563,571,578,593,602,609,620,627,635,642,644,650,653,658,672,686,687,697,712
exp 1,run 55
1000,994,991,989,989,989,989,987,986,986,986,985,983,980,979,975,973,970,970,969,964,962,961,959,955,954,949,945,939,934,934,930,927,922,918,917,915,912,908,905,905,902,897,892,889,884,880,876,870,863,859,856,854,849,848,847,847,842,833,830,823,819,815,813,808,803,799,791,786,777,769,768,765,763,763,761,753,747,745,739,735,732,730,726,718,711,708,697,691,688,685,683,680,672,669,663,659,651,649,646,642,641,636,632,628,623,616,614,608,607,603,600,597,593,588,581,575,570,569,565,557,554,550,546,542,534,531,524,515,509,502,500
25,32,36,38,38,38,38,40,41,41,41,42,45,48,50,57,60,65,65,66,74,76,78,81,86,88,96,102,111,117,117,123,127,134,140,142,146,152,157,161,161,167,174,182,187,195,201,205,213,223,228,232,235,240,241,243,243,252,265,268,278,284,289,291,296,303,310,321,327,340,352,353,358,362,361,364,376,384,386,394,400,405,408,413,422,431,434,451,459,463,467,469,471,482,485,493,498,510,513,517,524,525,531,537,541,547,558,562,570,572,578,581,586,590,599,608,617,624,624,630,639,642,649,655,659,667,671,680,689,696,704,707
exp 1,run 56
1000,994,991,989,987,985,981,977,974,973,971,967,965,961,959,958,950,945,942,940,935,934,930,928,928,925,924,922,917,915,911,909,907,899,897,896,892,889,883,876,873,867,863,860,857,852,851,847,845,843,842,839,835,830,823,823,820,816,815,813,806,802,798,798,793,792,789,783,777,773,766,757,752,748,744,737,728,727,723,719,711,705,699,695,692,691,685,676,670,666,658,653,647,642,638,626,619,610,607,602,595,586,577,575,569,564,560,555,548,544,540,536,529,529,525,518,516,509,504,498
25,34,37,40,42,45,50,55,60,61,64,69,72,79,82,84,95,103,107,110,118,119,124,127,127,133,135,137,144,148,152,155,159,167,170,171,175,180,187,197,201,210,215,219,222,229,230,235,238,241,243,246,251,260,269,269,274,279,280,283,292,297,302,302,309,310,315,324,334,340,349,361,368,373,379,389,400,401,407,414,428,438,448,453,457,458,464,475,483,487,499,505,513,520,526,543,552,563,568,574,584,594,607,610,616,622,628,636,644,650,654,656,664,663,669,677,679,687,695,701
exp 1,run 57
1000,997,994,992,989,987,987,985,985,982,982,981,978,977,977,975,971,969,969,967,966,964,962,958,958,955,955,953,951,951,948,946,938,938,935,934,932,928,927,924,924,917,910,908,904,903,901,897,896,892,888,886,880,876,873,866,864,860,858,855,850,847,845,843,839,838,832,825,822,815,809,795,793,791,783,779,771,767,761,755,748,743,738,733,730,724,717,713,709,704,700,696,689,684,676,672,662,659,649,643,636,628,626,619,611,607,602,595,590,586,581,576,568,562,553,548,544,544,534,532,530,524,519,515,509,502,495
25,31,35,37,41,43,43,46,46,50,50,52,54,55,55,58,63,66,66,68,69,72,74,79,79,85,85,89,92,92,96,99,109,109,112,113,115,121,123,128,128,140,150,153,159,161,164,171,172,177,182,185,191,195,199,206,209,214,216,220,226,230,232,235,240,241,252,260,264,276,283,301,304,306,316,320,330,335,346,354,363,371,378,387,392,402,411,418,423,430,435,439,447,455,467,473,488,493,505,512,522,530,532,542,552,558,564,572,579,584,591,597,607,617,631,637,641,641,654,657,659,667,670,675,683,691,701
exp 1,run 58
1000,997,995,992,991,990,990,990,989,989,988,988,986,985,985,983,981,981,980,979,979,977,976,974,972,970,968,967,964,964,962,961,961,960,958,956,953,948,945,942,941,939,939,939,936,934,930,924,922,922,918,917,917,916,913,912,909,906,903,899,895,891,887,883,880,873,869,864,859,855,849,844,843,841,832,829,825,821,817,814,807,804,803,797,793,788,781,780,777,769,768,763,760,758,755,752,745,742,737,732,726,716,714,706,704,700,696,687,680,676,672,662,654,648,646,643,638,636,632,631,622,616,615,612,610,607,600,592,587,582,580,576,570,566,562,558,551,546,541,537,530,524,521,515,514,508,500
25,31,34,38,39,40,40,40,41,41,42,42,44,45,45,47,50,50,51,52,52,54,55,58,60,64,66,67,72,72,74,75,75,76,78,81,86,92,95,98,99,102,102,102,106,108,114,124,128,128,133,135,135,136,140,141,144,149,153,158,163,170,176,184,189,198,204,212,218,222,230,236,238,240,252,255,260,268,273,277,288,291,292,299,304,309,318,320,324,334,336,343,347,348,351,354,364,367,374,380,387,400,403,413,416,421,427,439,449,454,458,471,480,487,489,495,503,505,512,514,528,534,532,535,535,539,550,561,565,573,577,582,591,596,600,603,613,620,628,634,644,652,655,662,663,669,679
exp 1,run 59
1000,998,997,996,994,991,991,990,989,986,983,982,979,978,977,974,974,973,972,972,969,964,964,963,961,961,961,958,958,958,955,955,953,950,949,948,948,944,943,943,941,941,937,931,927,925,920,918,916,915,913,912,909,906,903,902,900,899,897,891,888,885,883,879,878,876,873,872,868,867,863,862,859,854,853,848,843,840,834,831,830,828,818,816,811,802,800,791,784,782,777,774,771,764,758,748,746,741,738,729,724,722,718,712,707,704,698,696,695,695,694,690,686,682,677,673,671,669,667,663,659,651,647,642,637,634,630,626,621,613,611,606,602,597,591,589,581,573,569,566,559,553,546,540,536,528,519,516,509,503,500
25,27,28,30,32,35,35,36,37,42,46,47,52,53,54,58,58,60,61,61,65,73,73,74,77,77,77,82,82,82,85,85,88,91,93,95,95,101,103,103,106,106,111,117,122,124,131,133,137,139,142,143,148,154,157,159,162,163,165,175,178,182,185,190,191,193,197,199,206,207,213,215,220,226,227,234,241,245,255,258,259,261,273,276,281,294,296,308,318,320,329,334,339,347,356,370,374,381,385,396,402,404,410,422,431,436,444,447,448,448,449,455,459,464,473,478,480,483,486,491,496,507,513,521,528,531,536,542,548,559,561,567,573,578,586,590,599,611,617,620,627,635,644,654,658,670,681,686,696,701,706
exp 1,run 60
1000,995,994,994,986,982,981,981,980,976,974,972,972,970,969,965,963,961,961,957,953,951,951,950,949,949,945,941,936,935,932,927,924,922,915,913,912,911,910,907,904,898,897,891,885,882,873,870,867,865,862,860,857,856,855,855,850,847,845,842,838,836,835,828,825,824,821,818,815,810,808,806,802,800,794,793,791,788,779,778,775,769,763,760,758,755,754,751,746,743,736,732,730,724,724,721,717,717,715,710,710,707,703,699,693,688,680,678,677,670,663,656,653,647,644,641,632,627,624,623,619,617,612,606,605,598,594,592,589,579,574,571,568,563,558,557,553,548,543,538,536,531,527,526,524,518,513,510,506,499
25,30,31,31,41,46,47,47,48,53,56,59,59,61,62,68,72,74,74,79,84,88,88,90,92,92,100,103,109,110,113,121,125,128,139,142,142,143,143,147,151,160,162,169,177,182,192,197,200,203,208,212,217,218,218,218,223,226,230,235,241,243,244,252,256,256,261,264,267,273,274,277,283,285,293,294,295,298,313,315,319,328,336,341,342,347,348,352,361,364,373,379,382,390,390,393,398,398,401,409,409,413,419,422,431,437,449,452,452,460,468,477,481,490,494,495,506,513,516,518,525,527,532,539,539,549,554,556,558,570,576,580,584,591,596,598,602,609,616,623,626,634,638,639,640,650,657,661,664,673
exp 1,run 61
1000,994,991,989,987,987,986,985,983,982,982,981,978,977,975,972,972,970,969,969,966,963,960,959,958,956,955,954,948,939,938,935,933,931,931,927,924,923,922,921,920,916,911,905,901,895,891,883,879,875,872,870,863,860,854,851,849,846,845,839,835,829,822,812,809,804,801,797,788,785,777,769,760,756,747,738,732,723,718,715,710,706,699,695,686,677,674,666,664,661,658,645,640,631,627,620,612,599,594,591,587,580,573,566,562,554,549,541,539,534,526,524,516,509,501,495
25,32,36,40,44,44,45,47,51,52,52,54,59,60,63,67,67,69,71,71,76,79,83,84,85,87,89,90,98,111,113,116,119,121,121,127,131,132,134,135,136,142,148,155,161,171,177,188,194,200,204,207,215,218,225,229,232,236,237,244,250,256,267,279,284,291,294,298,312,317,327,337,351,358,373,383,392,406,411,414,420,426,437,442,455,466,471,482,485,490,494,513,522,535,540,552,563,579,587,589,595,604,614,624,630,641,648,660,663,668,679,681,689,697,709,714
exp 1,run 62
1000,995,995,995,994,993,993,991,991,990,988,987,986,982,980,978,978,977,976,973,973,970,969,965,963,962,959,957,955,954,949,947,944,943,938,937,933,929,925,922,918,915,911,901,897,896,889,888,883,882,877,872,866,861,854,849,843,839,830,822,816,806,806,801,798,794,789,781,777,774,770,768,763,756,754,751,747,743,736,731,725,708,700,693,687,684,680,670,660,656,654,651,648,644,639,632,623,618,613,609,602,596,593,587,582,573,568,564,554,551,545,540,537,525,521,515,511,511,507,501,499
25,33,33,33,34,36,36,40,40,42,46,48,49,54,57,60,60,62,64,70,70,73,75,80,82,83,88,92,94,96,102,104,109,110,116,117,122,129,133,137,143,148,153,168,173,174,184,185,193,194,200,208,217,225,237,244,252,256,269,281,290,304,304,310,314,318,326,334,340,343,349,351,359,369,371,373,378,384,393,398,407,430,440,447,453,458,462,480,493,499,502,507,511,516,524,532,545,550,557,562,572,581,585,594,599,613,621,626,639,644,653,658,663,681,687,697,702,700,704,712,716
exp 1,run 63
1000,998,997,997,995,991,990,989,985,984,984,983,982,981,980,975,973,971,969,968,966,964,962,961,959,959,955,955,953,950,948,946,944,944,939,937,936,935,934,930,926,924,922,921,918,916,912,908,904,903,898,893,888,885,882,877,872,868,866,863,860,856,853,851,848,843,838,837,833,830,826,821,818,817,807,802,798,791,791,789,787,784,777,770,768,764,760,756,750,743,739,732,731,728,718,711,704,698,690,682,676,673,669,665,663,656,650,643,635,631,625,622,615,607,603,600,597,589,583,578,571,563,556,550,545,538,530,525,524,522,518,511,507,505,499
25,27,28,28,30,35,36,38,45,46,46,48,50,51,52,60,63,65,68,69,72,74,76,77,80,80,84,84,87,91,95,98,101,101,108,112,114,115,117,122,128,131,134,136,142,146,150,156,162,163,172,180,189,193,196,204,210,215,219,224,227,232,236,238,242,248,255,256,262,265,269,274,278,279,293,300,307,320,320,322,324,328,337,347,349,354,360,364,371,380,385,393,395,399,414,425,436,443,455,466,476,480,484,488,491,500,507,517,529,533,541,544,554,563,571,572,576,589,597,605,613,625,634,642,648,657,671,679,681,682,685,695,700,702,709
exp 1,run 64
1000,996,995,992,990,989,989,988,985,983,982,982,981,980,980,979,979,976,976,975,974,973,972,971,971,971,970,966,964,963,958,956,953,953,952,948,943,943,942,941,939,938,934,931,929,926,923,920,918,915,913,911,910,909,907,905,901,899,897,896,894,892,889,885,884,879,877,877,876,875,872,868,864,857,856,851,849,845,839,835,834,829,824,820,818,812,807,800,797,790,785,781,779,775,772,767,760,753,746,740,735,733,730,726,717,715,708,706,695,690,682,677,674,669,662,659,651,650,647,644,642,638,631,627,621,615,607,598,595,591,586,584,579,575,569,568,564,562,556,548,544,542,539,535,528,524,523,517,514,512,509,504,501,497
25,31,32,35,38,39,39,40,46,49,50,50,51,53,53,54,54,59,59,60,61,62,62,64,64,64,65,70,72,74,82,85,89,89,91,97,105,105,107,109,111,112,117,122,126,131,136,139,141,146,149,152,154,154,156,158,164,166,169,171,173,176,182,186,188,193,196,196,197,199,203,208,212,221,222,227,230,236,243,250,252,258,266,271,274,281,286,296,299,309,316,322,325,330,336,340,351,359,370,376,382,386,390,395,409,411,421,423,437,444,454,461,464,471,482,484,493,492,495,500,504,508,516,520,527,535,546,558,561,565,572,575,583,587,595,596,602,605,612,624,630,633,636,641,650,655,656,663,666,668,671,679,683,686
exp 1,run 65
1000,995,994,991,990,990,984,981,978,977,975,973,971,971,967,966,966,964,963,962,961,960,953,950,947,943,941,937,936,933,930,927,922,919,916,915,912,909,906,904,900,893,893,890,886,884,876,865,860,855,847,841,837,832,825,819,808,805,799,794,789,782,777,772,769,763,757,755,749,745,740,737,727,724,718,711,702,693,688,680,676,665,659,653,646,641,634,627,623,614,606,602,596,587,577,573,567,564,559,550,544,538,536,527,517,511,505,501,492
25,31,32,36,37,37,47,50,55,57,59,63,66,66,71,72,72,74,76,78,79,79,87,91,95,101,103,109,110,113,117,122,130,133,137,138,143,147,151,155,162,172,172,175,181,184,196,210,217,223,238,247,253,259,268,277,293,296,305,311,318,328,336,343,347,356,365,369,377,383,390,393,405,410,418,430,439,452,459,470,476,492,501,508,515,521,533,543,549,562,573,579,588,600,614,621,629,633,638,650,659,671,674,687,702,712,720,724,735
exp 1,run 66
1000,996,995,995,995,991,991,990,988,987,985,984,983,982,981,980,980,976,975,974,974,974,972,972,971,968,968,967,967,964,961,960,959,957,954,952,950,948,945,944,940,937,934,932,929,929,927,926,926,925,925,921,920,917,913,909,906,905,902,899,896,893,893,891,889,888,887,882,882,879,875,874,874,869,867,861,860,857,852,851,849,846,843,840,840,839,835,834,832,830,826,821,819,819,817,812,809,806,806,805,802,796,790,787,780,778,776,773,771,766,759,758,755,754,752,749,748,744,740,733,730,727,722,719,714,711,699,692,690,688,680,676,672,665,661,654,651,644,638,632,625,618,614,610,606,603,600,595,592,590,588,585,583,580,577,574,571,569,565,560,555,551,544,538,534,532,526,520,514,509,504,499
25,29,30,30,30,34,34,35,37,38,40,41,42,43,44,45,45,50,52,54,54,54,57,57,59,64,64,66,66,70,74,75,76,78,81,83,85,88,93,95,101,106,110,113,117,117,121,122,122,124,123,128,130,134,140,145,148,148,151,155,161,164,164,167,171,172,173,180,180,184,189,191,191,200,204,211,212,215,222,224,228,233,237,240,240,241,247,248,251,253,260,269,271,271,274,283,285,290,290,291,297,307,315,319,327,330,333,336,339,348,356,357,362,364,367,372,372,378,384,394,396,400,406,412,419,425,443,453,455,458,469,474,480,489,494,507,510,521,528,537,545,553,558,564,570,573,576,583,586,589,591,594,595,600,602,605,609,610,615,621,629,632,641,650,655,656,666,675,683,688,694,701
exp 1,run 67
1000,997,997,996,996,995,993,993,993,990,987,987,987,985,985,984,983,980,978,976,975,973,969,968,967,965,963,961,960,958,958,957,953,952,950,949,949,947,942,939,936,933,932,929,927,926,924,921,916,911,905,900,899,893,889,886,883,881,874,871,868,862,859,853,848,848,843,838,836,832,827,825,814,813,809,798,792,788,786,779,775,772,766,759,754,747,744,737,732,722,713,708,705,703,698,689,684,680,674,673,661,659,650,645,634,628,626,617,611,608,606,604,598,593,589,584,578,573,572,563,558,555,551,546,537,533,528,526,522,515,512,502,500
25,30,30,31,31,33,35,35,34,39,43,43,43,46,46,48,50,54,57,59,60,62,68,69,70,73,75,79,81,83,83,84,91,93,95,97,97,99,104,109,113,116,117,123,127,129,131,136,144,153,163,170,172,180,186,190,194,198,204,207,211,219,224,233,243,243,250,256,259,265,270,273,288,289,295,310,318,323,326,336,342,346,356,366,372,379,385,395,404,415,425,431,434,437,444,456,460,466,473,474,489,492,506,513,529,537,540,550,556,558,561,563,570,576,583,588,594,599,600,613,619,621,627,632,643,646,653,655,659,667,669,680,682
exp 1,run 68
1000,994,993,992,992,990,988,988,984,983,980,979,976,976,974,971,965,962,961,960,957,955,951,947,944,941,939,935,933,930,928,926,923,916,912,910,906,903,902,899,896,893,888,886,883,877,872,868,866,863,858,854,849,849,842,838,836,829,824,820,810,803,796,789,782,778,776,770,768,757,752,745,740,732,728,723,716,707,703,701,683,672,668,663,657,654,650,643,640,637,635,627,627,625,620,612,608,602,597,589,586,581,578,570,567,559,553,546,537,533,524,518,511,500
25,31,33,34,34,37,39,39,46,47,52,53,56,56,59,63,69,73,74,75,78,81,87,93,98,102,105,112,114,119,123,126,131,139,147,150,155,159,161,165,169,175,182,184,188,197,205,210,213,216,223,229,236,236,246,251,254,263,270,274,288,296,305,316,326,330,332,338,341,355,361,370,376,389,394,400,410,424,430,431,453,467,471,479,491,495,502,512,516,521,522,536,536,539,547,557,564,569,576,586,590,598,602,615,618,628,636,645,656,660,672,681,690,707
exp 1,run 69
1000,995,992,991,989,987,987,986,985,985,985,984,982,976,972,967,966,965,965,965,962,959,957,956,953,950,948,947,946,945,942,939,935,931,927,923,922,920,916,913,907,905,904,900,896,890,886,882,879,876,871,861,853,846,841,837,835,833,821,814,810,809,807,801,798,791,788,784,781,775,769,764,756,754,750,746,744,738,733,728,720,714,710,704,699,691,686,682,679,677,671,665,663,653,649,646,641,637,630,628,625,623,619,613,603,601,599,595,591,585,578,574,566,563,557,546,544,540,532,524,519,512,509,504,500
25,30,34,35,38,41,41,43,45,45,45,46,48,59,65,70,71,72,72,72,76,81,85,86,92,97,100,101,103,104,108,113,118,126,133,140,141,143,149,154,163,166,167,171,178,188,193,197,201,204,210,225,233,244,252,258,260,261,276,286,291,291,292,301,306,318,321,328,331,339,346,353,364,365,369,373,377,385,393,400,408,414,420,428,433,442,448,453,458,461,470,476,479,491,497,501,509,514,519,521,526,529,534,540,554,558,560,566,569,577,585,590,600,602,611,626,630,634,644,653,658,666,670,679,685
exp 1,run 70
1000,1000,997,997,996,996,994,994,993,990,986,986,986,986,985,982,981,979,979,979,979,978,976,975,972,968,966,965,964,961,957,953,949,947,944,944,940,939,935,933,930,927,919,914,913,908,900,899,896,890,884,882,871,869,863,860,852,850,847,844,840,834,828,825,823,820,817,810,807,799,794,788,781,775,771,765,757,751,745,730,724,722,715,709,702,691,684,678,669,665,662,653,649,643,638,632,627,620,614,611,608,604,598,596,588,583,580,576,567,557,546,538,532,526,519,513,510,508,503,497
25,25,30,30,32,32,35,35,36,41,46,46,46,46,47,50,51,54,54,54,54,55,57,59,65,70,71,73,74,79,85,91,96,99,103,103,109,111,117,120,126,130,140,148,148,157,168,170,175,183,192,194,209,210,219,224,236,240,243,249,254,263,272,276,279,283,286,297,302,313,321,329,337,345,351,359,369,376,383,407,416,419,429,438,447,462,470,477,490,495,499,513,518,527,531,540,546,554,563,566,571,577,584,585,595,600,604,610,621,634,648,659,665,673,681,690,692,695,701,708
exp 1,run 71
1000,1000,999,998,997,996,996,995,994,994,992,991,991,990,988,988,988,987,987,987,987,986,984,984,984,982,981,981,980,978,977,977,977,976,975,974,973,972,968,967,966,964,963,962,961,961,959,957,954,951,948,947,944,943,941,936,933,928,927,926,926,926,922,921,917,913,909,904,903,901,897,892,887,883,879,874,873,871,868,862,858,856,854,848,843,837,833,826,818,818,816,813,809,801,795,791,784,783,778,776,769,765,764,760,758,755,752,746,740,735,726,720,719,717,712,711,706,700,695,686,679,673,664,661,658,655,650,646,644,637,629,624,618,611,598,593,587,582,580,576,573,567,565,561,558,555,552,552,546,544,540,538,531,523,520,518,513,508,506,499
25,25,26,28,29,30,30,32,33,33,35,37,37,38,41,41,41,42,42,42,42,43,46,46,46,49,51,51,53,55,57,57,57,58,59,61,62,64,69,70,72,74,76,77,78,77,80,84,89,95,99,100,105,107,109,116,119,126,128,130,130,130,137,139,144,150,156,163,164,165,170,177,184,191,196,202,204,207,212,220,226,229,231,241,247,253,258,270,279,279,283,286,293,306,317,321,332,332,340,343,351,354,356,360,360,363,365,372,381,389,404,413,413,417,423,423,430,437,443,457,465,472,483,486,490,496,503,507,510,520,530,536,545,553,570,574,582,588,590,594,597,605,608,614,618,621,623,623,629,630,635,637,648,658,662,664,669,674,676,686
exp 1,run 72
1000,993,992,992,989,989,987,987,986,983,982,979,978,975,975,973,971,969,969,968,966,962,960,955,952,950,946,944,940,938,930,925,920,918,917,915,912,910,908,905,902,900,896,890,886,885,882,881,878,876,873,870,867,865,860,857,853,844,843,837,831,830,823,822,814,809,806,799,796,792,789,780,777,774,769,764,760,755,752,742,737,730,721,714,709,701,695,690,687,680,674,663,660,654,647,640,635,621,617,612,605,598,590,584,580,578,570,566,560,558,551,548,540,534,527,524,512,512,509,502,493
25,35,36,36,40,40,43,43,45,49,51,54,55,59,59,61,64,66,66,68,70,75,77,83,87,89,94,98,104,106,118,125,132,134,136,138,143,145,148,153,156,158,165,172,176,177,182,183,187,189,192,195,200,204,210,215,220,235,236,245,254,255,266,267,280,286,289,298,303,307,312,325,329,332,340,345,351,357,362,378,386,393,409,419,425,437,444,451,457,465,474,492,496,505,514,523,531,549,554,561,571,579,590,599,606,608,619,624,633,634,643,646,656,664,671,674,692,692,696,707,720
exp 1,run 73
1000,995,994,993,992,991,990,985,983,980,979,978,976,972,972,972,971,970,967,964,961,958,956,954,946,942,938,935,935,935,934,933,929,926,923,914,908,908,905,899,889,886,883,878,873,873,870,867,864,861,858,854,849,842,837,832,828,822,816,812,810,799,794,790,782,777,771,765,763,757,751,747,741,737,731,718,715,709,705,697,686,681,677,674,672,669,667,661,654,650,642,636,632,625,619,611,604,597,591,585,578,574,571,565,560,555,550,543,539,535,530,517,514,507,499
25,34,35,36,37,38,39,45,47,51,53,54,56,63,63,63,64,65,69,72,77,79,81,83,96,102,109,113,113,113,115,117,123,127,130,144,151,150,154,163,176,180,184,191,197,197,201,206,210,214,218,224,231,242,248,255,261,272,280,285,289,303,309,315,324,329,339,348,351,359,369,377,385,391,400,416,419,427,431,441,460,466,473,473,475,478,480,489,499,504,513,521,525,535,542,553,563,573,581,587,595,597,601,609,615,621,628,638,642,649,659,679,684,692,701
exp 1,run 74
1000,994,992,990,988,988,986,986,983,983,983,982,982,982,979,979,979,978,977,974,973,970,967,966,956,955,955,954,949,948,946,944,938,932,930,926,922,918,916,914,909,903,898,896,893,891,888,884,881,877,870,866,863,856,848,844,840,839,834,831,824,818,814,813,806,802,797,794,788,786,785,785,782,781,775,770,767,762,756,750,747,744,744,743,742,737,735,732,728,725,720,717,714,713,712,707,707,704,701,698,698,693,688,677,669,666,662,658,652,651,650,643,636,628,624,617,613,608,606,604,600,595,592,589,589,583,576,567,561,555,552,546,542,537,533,531,527,521,519,516,511,505,504,503,502,500
25,35,39,41,44,44,47,47,52,52,52,54,54,54,58,58,58,59,60,64,65,69,74,75,91,92,92,93,99,100,102,106,115,126,128,134,141,148,151,154,161,169,175,177,181,184,188,192,195,201,209,215,219,228,238,243,248,249,253,259,267,274,280,282,293,299,305,309,319,321,320,320,323,325,332,339,342,346,355,363,367,372,372,373,374,383,385,390,396,398,404,406,408,410,410,418,418,424,427,430,429,435,442,459,470,474,478,484,493,493,495,504,513,523,528,536,541,548,552,555,559,568,573,576,576,585,595,608,614,623,625,633,637,644,650,653,656,665,667,671,677,686,686,686,687,689
exp 1,run 75
1000,995,995,995,995,995,994,992,991,990,990,988,986,985,983,982,981,981,981,979,978,977,977,976,976,976,975,973,970,968,967,965,965,962,959,956,954,953,951,946,945,943,939,937,936,936,932,926,924,920,916,916,916,915,911,910,909,905,901,899,895,892,888,885,881,876,874,870,867,865,862,858,851,849,848,846,841,837,829,824,820,813,811,809,809,807,807,803,801,799,794,791,788,781,779,777,771,770,768,761,756,756,755,751,748,747,746,743,741,737,731,728,725,720,717,717,715,714,707,706,700,695,689,687,680,679,677,674,673,671,670,669,662,657,650,649,649,645,642,637,636,635,631,629,626,625,620,618,618,613,606,604,598,594,593,589,581,576,572,563,562,555,554,551,542,535,531,529,526,522,521,513,505,499
25,33,33,33,33,33,34,36,37,39,39,42,44,45,49,50,51,51,51,54,55,56,56,57,57,57,59,62,65,67,68,71,71,76,81,84,87,89,92,101,102,104,111,112,114,113,118,127,129,134,141,141,141,142,148,150,152,156,162,165,171,175,181,185,190,199,202,206,211,213,217,223,234,236,238,242,249,256,265,273,278,287,289,292,292,294,294,300,303,304,311,317,322,330,333,335,343,344,347,357,364,363,365,370,374,376,377,380,382,387,396,400,404,411,415,414,416,417,427,427,436,442,450,453,462,463,465,468,470,471,473,474,483,488,497,499,498,503,507,515,517,518,524,528,531,532,539,541,541,550,558,559,567,572,573,580,590,595,601,612,612,623,624,627,640,652,656,658,662,666,666,678,691,701